pardon, 1
hats, 1
desirable, 1
knelt, 1
sleet, 1
woods, 1
preface, 1
evermore, 1
fronts, 1
sputtered, 1
crept, 1
snowing, 1
swan, 1
containing, 1
presents, 1
pride, 1
lookers, 1
worth, 1
merchant, 1
updated, 1
rashly, 1
desired, 1
rise, 1
softened, 1
govern, 1
uncertain, 1
seals, 1
chapel, 1
disturb, 1
baking, 1
sunk, 1
wooden, 1
attentively, 1
repent, 1
solution, 1
piling, 1
'prentice, 1
convenience, 1
announced, 1
guiding, 1
charwoman, 1
glued, 1
wept, 1
winded, 1
sooty, 1
infancy, 1
awake, 1
miller, 1
cordially, 1
request, 1
horn, 1
louder, 1
parapets, 1
perish, 1
blue, 1
established, 1
errors, 1
thunder, 1
beaten, 1
orchestra, 1
fatness, 1
underneath, 1
eves, 1
sharper, 1
festive, 1
kindred, 1
unfeeling, 1
musical, 1
resounded, 1
pursuit, 1
axe, 1
represented, 1
browed, 1
shriek, 1
chink, 1
calculate, 1
distinctness, 1
covers, 1
hideously, 1
piercing, 1
credit, 1
chilling, 1
permit, 1
suitable, 1
hushed, 1
ventured, 1
secure, 1
highly, 1
cheats, 1
moral, 1
likeness, 1
remaining, 1
scarred, 1
hospital, 1
proprietary, 1
violently, 1
survive, 1
preserved, 1
paperwork, 1
advance, 1
brings, 1
feared, 1
expending, 1
excellent, 1
outdated, 1
blindfold, 1
mountains, 1
plaintive, 1
pursue, 1
almshouse, 1
withdrawing, 1
leaped, 1
jest, 1
diminished, 1
household, 1
flung, 1
laughs, 1
contented, 1
involve, 1
overheard, 1
hurrying, 1
charities, 1
attract, 1
chilly, 1
fancied, 1
returning, 1
feature, 1
rhinoceros, 1
boats, 1
void, 1
plenty's, 1
invalidity, 1
badly, 1
poker, 1
undergoing, 1
barer, 1
lad, 1
reconciled, 1
movable, 1
bared, 1
poked, 1
curiosity, 1
stronghold, 1
execrable, 1
envy, 1
calves, 1
dunstan, 1
wink, 1
fictitious, 1
haste, 1
specks, 1
belle, 1
roused, 1
notifies, 1
undo, 1
pleasanter, 1
recognising, 1
prohibition, 1
fowls, 1
fetched, 1
mayor, 1
tuned, 1
somewhere, 1
screaming, 1
fix, 1
damascus, 1
narrowest, 1
production, 1
accusatory, 1
nobler, 1
fragment, 1
weakness, 1
plaster, 1
safe, 1
break, 1
winter's, 1
bang, 1
fitness, 1
glazed, 1
smoking, 1
heeded, 1
clothed, 1
conflict, 1
calmly, 1
financial, 1
daws, 1
principles, 1
bowls, 1
gatherings, 1
taught, 1
gates, 1
juggling, 1
caustic, 1
extract, 1
thoroughfares, 1
singularly, 1
merchants, 1
appalled, 1
remorse, 1
detestation, 1
heavenly, 1
millions, 1
mistakes, 1
flaunting, 1
stamping, 1
assured, 1
rail, 1
mulled, 1
mourning, 1
dashing, 1
grapes, 1
teaspoons, 1
checked, 1
storm, 1
indemnity, 1
greasy, 1
enormous, 1
shaggy, 1
shelves, 1
savage, 1
cellars, 1
chinked, 1
rang, 1
angelic, 1
dwindled, 1
grade, 1
hoop, 1
affects, 1
synonymous, 1
rank, 1
lovable, 1
lettuce, 1
floors, 1
sallied, 1
giddy, 1
sharpest, 1
hood, 1
illustrate, 1
goblins, 1
twisted, 1
haggard, 1
plentiful, 1
sultan's, 1
fixedly, 1
bubbling, 1
emblem, 1
frowned, 1
wisdom, 1
task, 1
legatee, 1
wasted, 1
brushed, 1
peculiar, 1
waistcoats, 1
begins, 1
surer, 1
affront, 1
icicle, 1
tavern, 1
panelling, 1
seated, 1
flame, 1
sheen, 1
loiter, 1
mirth, 1
countess, 1
brilliant, 1
bridge, 1
shyly, 1
spent, 1
talking, 1
seem, 1
tells, 1
contents, 1
forced, 1
strength, 1
scriptures, 1
thundering, 1
dragged, 1
doomed, 1
conducive, 1
exactly, 1
everyhow, 1
thrilled, 1
milkman, 1
disjointed, 1
ironmongery, 1
coil, 1
singer, 1
home's, 1
grove, 1
incomplete, 1
alarm, 1
metal, 1
investments, 1
swamp, 1
alas, 1
whomsoever, 1
rapture, 1
loitered, 1
deftly, 1
incense, 1
deuce, 1
showing, 1
candied, 1
icicles, 1
wrung, 1
toast, 1
judges, 1
wolfish, 1
quaint, 1
cousins, 1
explain, 1
folded, 1
cripple, 1
version, 1
easterly, 1
folks, 1
constant, 1
emphatically, 1
wearing, 1
tiles, 1
mixture, 1
compounded, 1
atoms, 1
de, 1
terrors, 1
degradation, 1
altogether, 1
congealed, 1
'poor, 1
bar, 1
behindhand, 1
folding, 1
tights, 1
anxiously, 1
quartern, 1
waning, 1
penance, 1
questions, 1
reported, 1
condensed, 1
gladness, 1
checks, 1
depends, 1
labourers, 1
corrupt, 1
fain, 1
midst, 1
composed, 1
capacity, 1
lots, 1
scrap, 1
postboy, 1
listeners, 1
artificial, 1
example, 1
expend, 1
compilation, 1
booted, 1
preserve, 1
rolled, 1
handful, 1
weary, 1
twinkling, 1
rime, 1
retirement, 1
travellers, 1
defiance, 1
cousin, 1
picking, 1
herd, 1
roller, 1
improve, 1
climate, 1
cuffs, 1
cow, 1
observant, 1
deletions, 1
negative, 1
games, 1
expense, 1
adapted, 1
jack, 1
canisters, 1
tough, 1
ploughed, 1
character, 1
towels, 1
passionless, 1
merchantibility, 1
lighthouse, 1
underdone, 1
tim's, 1
shouting, 1
union, 1
condemned, 1
faltering, 1
chimneys, 1
beer, 1
basin, 1
private, 1
reeked, 1
dots, 1
innocent, 1
tolled, 1
personally, 1
chill, 1
applied, 1
patting, 1
disclaimers, 1
ugly, 1
fellowmen, 1
opulence, 1
stopping, 1
merciless, 1
smoky, 1
deliberating, 1
speech, 1
skipping, 1
cant, 1
reports, 1
decanter, 1
tremendously, 1
borough, 1
bottles, 1
severity, 1
bilious, 1
treasure, 1
perform, 1
swarthy, 1
viewing, 1
liberal, 1
confronting, 1
grows, 1
lusty, 1
jocund, 1
welsh, 1
swell, 1
pick, 1
tops, 1
kin, 1
internal, 1
supposing, 1
palpable, 1
insisted, 1
stiffened, 1
warded, 1
butter, 1
kept, 1
schoolboy, 1
drip, 1
ocean, 1
greatest, 1
detained, 1
sullenly, 1
assembling, 1
mingle, 1
halloo, 1
halloa, 1
repose, 1
assigned, 1
identify, 1
spectacles, 1
uncared, 1
legion, 1
cherry, 1
ease, 1
sprinkled, 1
calico, 1
humanity, 1
trimming, 1
boasted, 1
thermometer, 1
battled, 1
replace, 1
burnt, 1
states', 1
deafened, 1
ramparts, 1
patience, 1
zeal, 1
pencil, 1
pimple, 1
specific, 1
renamed, 1
security, 1
accuracy, 1
antique, 1
creek, 1
sends, 1
sponge, 1
captive, 1
facility, 1
escape, 1
pain, 1
eked, 1
rapidity, 1
tripped, 1
txt, 1
bottom, 1
disposed, 1
festivities, 1
ice, 1
plucked, 1
squeeze, 1
honoured, 1
treadmill, 1
steps, 1
beating, 1
displayed, 1
creature's, 1
pinched, 1
core, 1
sewing, 1
marketing, 1
monsters, 1
substituted, 1
losing, 1
post, 1
plug, 1
impenetrable, 1
newspapers, 1
months, 1
pawnbroker's, 1
prophet's, 1
statements, 1
froze, 1
prostrate, 1
mantle, 1
wasting, 1
obscene, 1
son, 1
convert, 1
sow, 1
carving, 1
chime, 1
saturdays, 1
slipshod, 1
lashes, 1
wag, 1
constantly, 1
illustrious, 1
sunlight, 1
bloodthirsty, 1
width, 1
grasping, 1
friars, 1
letter, 1
fork, 1
proudly, 1
deny, 1
oil, 1
odours, 1
heap, 1
astonished, 1
speakers, 1
sprigs, 1
extremity, 1
utmost, 1
apostles, 1
critical, 1
prematurely, 1
bide, 1
panels, 1
wrought, 1
prayed, 1
proud, 1
proved, 1
impropriety, 1
flat, 1
toss, 1
wealthy, 1
darting, 1
muscular, 1
sale, 1
petrification, 1
howling, 1
guessed, 1
apoplectic, 1
fashioned, 1
prayer, 1
floating, 1
willingly, 1
dimly, 1
newsletter, 1
smelt, 1
faithful, 1
stake, 1
reality, 1
flood, 1
luscious, 1
stagnant, 1
papers, 1
momentary, 1
eternity, 1
picture, 1
wing, 1
dies, 1
miscellaneous, 1
scores, 1
edition, 1
source, 1
warn, 1
bestowed, 1
paces, 1
proposed, 1
awaking, 1
longed, 1
conferred, 1
undoubted, 1
parcels, 1
girthed, 1
matron, 1
themes, 1
skin, 1
toothpick, 1
ward, 1
scowling, 1
pastrycook's, 1
adamant, 1
depend, 1
swoon, 1
bordered, 1
gigs, 1
passage, 1
unpleasant, 1
overrun, 1
perversion, 1
pace, 1
quickening, 1
agreed, 1
fatigues, 1
supported, 1
advantage, 1
aldermen, 1
waggish, 1
plaister, 1
choice, 1
chirrup, 1
bustle, 1
anonymous, 1
cook, 1
forgiving, 1
duller, 1
fervour, 1
cooks, 1
unhallowed, 1
dig, 1
posts, 1
item, 1
dip, 1
slower, 1
insignificant, 1
sigh, 1
prediction, 1
sordid, 1
cosy, 1
drinks, 1
darkest, 1
essence, 1
trivial, 1
assistance, 1
celebrated, 1
uniform, 1
current, 1
bass, 1
escorted, 1
crashing, 1
bearers, 1
lolling, 1
french, 1
understanding, 1
unanimously, 1
issued, 1
lustrous, 1
hummed, 1
appears, 1
bygone, 1
boast, 1
impatiently, 1
dusty, 1
root, 1
guilty, 1
trial, 1
burdensome, 1
descended, 1
arrival, 1
country's, 1
homeward, 1
munifi, 1
hither, 1
blooming, 1
useful, 1
resort, 1
careworn, 1
cared, 1
withal, 1
codes, 1
recognise, 1
positive, 1
dangle, 1
christmas', 1
wood, 1
upheld, 1
wondering, 1
angels, 1
dismay, 1
extensive, 1
afford, 1
repentance, 1
employee, 1
buttoning, 1
bakers', 1
piano, 1
walled, 1
pageant, 1
sheds, 1
piles, 1
decked, 1
indescribable, 1
plums, 1
wrestled, 1
stature, 1
tune, 1
solicitation, 1
plum, 1
deceased, 1
streak, 1
corrupted, 1
mirrors, 1
arise, 1
confused, 1
agent, 1
expectant, 1
regale, 1
occur, 1
bereft, 1
skater, 1
robinson, 1
secured, 1
innumerable, 1
write, 1
nowhere, 1
actual, 1
sword, 1
tile, 1
truest, 1
infringement, 1
staircase, 1
keepsake, 1
confirmed, 1
ponies, 1
fed, 1
spot, 1
grog, 1
informs, 1
produce, 1
scratch, 1
designed, 1
revealed, 1
disagreeable, 1
natural, 1
candles, 1
carriers, 1
outpouring, 1
tailor, 1
glancing, 1
agony, 1
offend, 1
padlocks, 1
glided, 1
exclusive, 1
drying, 1
furnished, 1
wishing, 1
pitch, 1
dumb, 1
blooded, 1
tendency, 1
trifle, 1
limbs, 1
derive, 1
thank, 1
interesting, 1
'i, 1
frousy, 1
offers, 1
spacious, 1
dreadfully, 1
consequential, 1
mail, 1
loophole, 1
cains, 1
non, 1
cling, 1
appraised, 1
rattled, 1
sweetened, 1
introduce, 1
scaling, 1
i've, 1
flint, 1
matched, 1
moist, 1
term, 1
shouted, 1
corners, 1
abed, 1
bedight, 1
hastened, 1
veins, 1
entirely, 1
pommel, 1
individually, 1
nick, 1
menagerie, 1
reminded, 1
pillaged, 1
distributor, 1
tumultuous, 1
breeches, 1
er, 1
gale, 1
genii, 1
abide, 1
contained, 1
clanked, 1
shouldn't, 1
emerged, 1
housemaid, 1
churches, 1
receiving, 1
agonised, 1
simile, 1
earlier, 1
bolts, 1
possibility, 1
tunes, 1
despondent, 1
besides, 1
ominous, 1
seventy, 1
vestige, 1
waxy, 1
transition, 1
undigested, 1
modest, 1
thine, 1
silently, 1
swing, 1
misused, 1
promotion, 1
star, 1
crushed, 1
origin, 1
cheese, 1
feign, 1
surviving, 1
revenue, 1
drove, 1
disinterested, 1
clanking, 1
necessarily, 1
silent, 1
penitence, 1
slept, 1
indicate, 1
returns, 1
fought, 1
proclaimed, 1
fiery, 1
legally, 1
gives, 1
hug, 1
thaw, 1
breadth, 1
shawl, 1
pelting, 1
dissolving, 1
hut, 1
flowery, 1
sailing, 1
compactness, 1
depressed, 1
require, 1
transferred, 1
modified, 1
tints, 1
coats, 1
accessed, 1
gigantic, 1
proofread, 1
spout, 1
recoiled, 1
addressing, 1
twisting, 1
angel, 1
remained, 1
patted, 1
occupies, 1
sad, 1
dash, 1
winding, 1
plunge, 1
exchanging, 1
companions, 1
recover, 1
squat, 1
fashionable, 1
transcription, 1
violates, 1
unavailing, 1
mused, 1
encouraged, 1
blunt, 1
visitation, 1
trace, 1
syllable, 1
revolving, 1
price, 1
elbows, 1
obsolete, 1
donation, 1
vision's, 1
knee, 1
flannel, 1
pages, 1
conspicuous, 1
queens, 1
countries, 1
pleasantry, 1
surprising, 1
considered, 1
periodic, 1
joys, 1
stockings, 1
salt, 1
hustled, 1
dirge, 1
negus, 1
shoe, 1
data, 1
fifth, 1
spoons, 1
plunder, 1
despairingly, 1
title, 1
repress, 1
plume, 1
storms, 1
texture, 1
incredulous, 1
outrage, 1
identification, 1
wilfully, 1
hypertext, 1
uncles, 1
cannon, 1
moons, 1
freezing, 1
chalked, 1
snore, 1
rejoices, 1
slyness, 1
slily, 1
distinctly, 1
unfastened, 1
clearest, 1
stroll, 1
prime, 1
beseech, 1
resource, 1
lame, 1
resorts, 1
seldom, 1
else's, 1
answering, 1
jokes, 1
roger, 1
pang, 1
retentive, 1
communicated, 1
staff, 1
morose, 1
raged, 1
professes, 1
bounds, 1
doings, 1
seal, 1
calendar, 1
sport, 1
purest, 1
farmers, 1
solemnised, 1
weapons, 1
travels, 1
shivered, 1
questioning, 1
august, 1
revelled, 1
screen, 1
tut, 1
scrutinise, 1
profits, 1
blame, 1
gratefully, 1
countenance, 1
spare, 1
hurts, 1
menacing, 1
spark, 1
receded, 1
undermine, 1
tug, 1
stages, 1
conversed, 1
cramp, 1
avoid, 1
cakes, 1
residence, 1
trades, 1
recumbent, 1
kindnesses, 1
fairbanks, 1
considering, 1
bricks, 1
inexplicable, 1
satisfaction, 1
wreaths, 1
stretched, 1
merriest, 1
consider, 1
unusual, 1
loth, 1
bitter, 1
stretch, 1
devote, 1
shuddering, 1
wheezing, 1
likewise, 1
lanes, 1
indirect, 1
observable, 1
formed, 1
sturdily, 1
exporting, 1
implored, 1
chafed, 1
tiger, 1
external, 1
evidence, 1
predicament, 1
filberts, 1
crumb, 1
dusted, 1
jostled, 1
sobbed, 1
cash, 1
cask, 1
cock, 1
ein, 1
fool, 1
melan, 1
donors, 1
strait, 1
sleeping, 1
couples, 1
embrace, 1
multitudes, 1
sucking, 1
bags, 1
enshrouded, 1
author, 1
inquire, 1
granted, 1
rampant, 1
unwept, 1
inquiry, 1
triumphantly, 1
deference, 1
pan, 1
noble, 1
drowsiness, 1
blest, 1
clue, 1
blacker, 1
enjoyment, 1
defy, 1
driven, 1
lamentation, 1
jaws, 1
despatched, 1
changing, 1
cheery, 1
bitterer, 1
reference, 1
aunts, 1
charges, 1
utterance, 1
revellers, 1
snowball, 1
breezy, 1
severe, 1
poplar, 1
bottle, 1
trains, 1
bumping, 1
figs, 1
sinner, 1
leafless, 1
dancers, 1
whereat, 1
shouts, 1
bareness, 1
violent, 1
cease, 1
greetings, 1
n, 1
he'll, 1
inaudible, 1
weekly, 1
announcement, 1
fezziwigs, 1
improvement, 1
pile, 1
joyful, 1
skies, 1
laoco, 1
sums, 1
aprons, 1
disappointed, 1
vague, 1
acquainted, 1
heightened, 1
stranger, 1
earthy, 1
indicting, 1
miracle, 1
roll, 1
sternly, 1
benefit, 1
fruiterers', 1
served, 1
tower, 1
clap, 1
grouping, 1
exposed, 1
fluttered, 1
reversed, 1
perspiration, 1
calculated, 1
peter's, 1
lobster, 1
roses, 1
thinks, 1
booming, 1
passions, 1
mood, 1
lessons, 1
freer, 1
noon, 1
defenceless, 1
dimpled, 1
speed, 1
garret, 1
'heartily, 1
compulsion, 1
declension, 1
doll's, 1
measuring, 1
welcome, 1
reasonable, 1
poem, 1
nails, 1
boisterous, 1
sprung, 1
terrified, 1
sixty, 1
sealing, 1
luxurious, 1
sullen, 1
roar, 1
addition, 1
boldly, 1
comely, 1
doze, 1
gregory, 1
stony, 1
barrels, 1
lands, 1
fundraising, 1
burning, 1
afforded, 1
image, 1
rising, 1
determine, 1
hark, 1
intervention, 1
residuary, 1
warn't, 1
removing, 1
strictly, 1
hey, 1
sides, 1
lot, 1
colder, 1
scro, 1
shower, 1
miserable, 1
yearned, 1
broadwise, 1
child's, 1
regard, 1
amongst, 1
shroud, 1
suffers, 1
bewildering, 1
mice, 1
they're, 1
rush, 1
potato, 1
tiptoe, 1
scorning, 1
dirty, 1
grasp, 1
mayor's, 1
powerless, 1
affection, 1
darker, 1
celestial, 1
escaping, 1
ak, 1
imagination, 1
sheath, 1
encompass, 1
hearts', 1
goals, 1
fill, 1
rubbed, 1
gbnewby, 1
idiot, 1
administered, 1
lustily, 1
farther, 1
aromatic, 1
thither, 1
evenings, 1
snuffed, 1
fools, 1
harp, 1
dismayed, 1
alternate, 1
briefly, 1
blessing, 1
sharing, 1
desolation, 1
despoil, 1
peal, 1
important, 1
gayest, 1
intimation, 1
awkwardly, 1
backward, 1
fraught, 1
sobbing, 1
life's, 1
groom, 1
wherever, 1
apparel, 1
platter, 1
resolution, 1
wreath, 1
hamlet's, 1
ladders, 1
forged, 1
obscuring, 1
dish, 1
meditation, 1
wash, 1
slunk, 1
glimpse, 1
wanton, 1
referring, 1
homage, 1
unenforceability, 1
pledged, 1
provisions, 1
subsided, 1
sparkling, 1
unseemly, 1
struggled, 1
friday, 1
hideous, 1
wax, 1
confidential, 1
include, 1
furze, 1
griping, 1
balancing, 1
offal, 1
decide, 1
gainsay, 1
trigger, 1
cable, 1
is', 1
list, 1
sang, 1
abstinence, 1
buck, 1
disused, 1
locomotive, 1
manslaughter, 1
rats, 1
overflowings, 1
preposterous, 1
intricate, 1
carriages, 1
pass, 1
destitute, 1
strangers, 1
emotions, 1
witnesses, 1
condescension, 1
fathoms, 1
imperceptibly, 1
learned, 1
multitude, 1
exulted, 1
mad, 1
raked, 1
leaping, 1
compressed, 1
trunk, 1
hast, 1
method, 1
transformation, 1
abject, 1
search, 1
deductible, 1
stretching, 1
mouldy, 1
drawers, 1
extremes, 1
professor, 1
cup, 1
murmur, 1
suddenly, 1
solitude, 1
capital, 1
indoors, 1
lurked, 1
toys, 1
globes, 1
helmsman, 1
brandy, 1
discuss, 1
glittered, 1
wiped, 1
faint, 1
rub, 1
deadest, 1
fragrance, 1
rejoined, 1
kick, 1
rubbing, 1
spoil, 1
lowering, 1
handsomely, 1
ate, 1
doom, 1
producing, 1
goblets, 1
carelessly, 1
roomed, 1
strain, 1
der, 1
maximum, 1
forbearance, 1
indicating, 1
den, 1
grope, 1
spontaneous, 1
purchases, 1
embarrassing, 1
feebly, 1
joints, 1
onslaught, 1
accept, 1
sphere, 1
fiercely, 1
numbers, 1
cultivate, 1
swung, 1
condemn, 1
terrestrial, 1
needs, 1
porch, 1
pressing, 1
dismissed, 1
maps, 1
heart's, 1
sacred, 1
extinguished, 1
relinquished, 1
unearthly, 1
stir, 1
waved, 1
tumbled, 1
sprinkle, 1
ubiquitous, 1
binary, 1
thickened, 1
calm, 1
lustiest, 1
'prentices, 1
unlink, 1
bloom, 1
harsh, 1
profited, 1
misanthropic, 1
crowded, 1
pharaoh's, 1
quoted, 1
register, 1
deserted, 1
alphabet, 1
playing, 1
springing, 1
knots, 1
infant, 1
developed, 1
flowers, 1
ignorance, 1
pent, 1
officious, 1
susceptible, 1
fined, 1
brigands, 1
labours, 1
tm's, 1
feeble, 1
parts, 1
astonish, 1
attended, 1
dwarfish, 1
followers, 1
governments, 1
forbear, 1
norfolk, 1
reappearance, 1
cupola, 1
contortions, 1
shopkeepers', 1
bought, 1
obeyed, 1
compound, 1
parlours, 1
groped, 1
mystery, 1
channels, 1
loosely, 1
disdaining, 1
piping, 1
harm, 1
transcribe, 1
generation, 1
energy, 1
watered, 1
finish, 1
punitive, 1
operation, 1
braided, 1
veneration, 1
creditor, 1
types, 1
visions, 1
wordy, 1
cheerfully, 1
print, 1
congenial, 1
ironed, 1
issue, 1
appearances, 1
embarrassed, 1
banker's, 1
wisest, 1
belief, 1
protruding, 1
dirt, 1
roofs, 1
bedlam, 1
ponderous, 1
base, 1
brightest, 1
tenderest, 1
companion, 1
reproach, 1
director, 1
owners, 1
thread, 1
shovelling, 1
woman's, 1
curtsey, 1
fruit, 1
leading, 1
corkscrew, 1
blush, 1
fallen, 1
assign, 1
delicate, 1
gazed, 1
cornhill, 1
relate, 1
frisked, 1
reflected, 1
fancy, 1
valentine, 1
shilling, 1
stated, 1
wages, 1
temperature, 1
jet, 1
pinned, 1
we'd, 1
identity, 1
hundred, 1
store, 1
listed, 1
bowed, 1
feels, 1
month, 1
procession, 1
rustlings, 1
contracted, 1
grace, 1
apprentice, 1
ungrateful, 1
tunic, 1
bag, 1
prevent, 1
wherefore, 1
scabbard, 1
youth, 1
nevertheless, 1
cuff, 1
darned, 1
fringe, 1
impulse, 1
stale, 1
vacant, 1
dainties, 1
heaviest, 1
ages, 1
paul's, 1
livery, 1
direct, 1
pedestrian, 1
substantial, 1
alike, 1
beseeching, 1
orders, 1
uproarious, 1
lid, 1
paths, 1
speaking, 1
couch, 1
lip, 1
applauded, 1
frail, 1
unconstrained, 1
province, 1
retired, 1
infinitely, 1
serve, 1
swiftly, 1
reach, 1
pondering, 1
depths, 1
virus, 1
bridle, 1
position, 1
services, 1
accepting, 1
approving, 1
oyster, 1
stately, 1
draped, 1
sturdy, 1
performances, 1
gin, 1
tongs, 1
seething, 1
intercedes, 1
amazed, 1
barren, 1
weigh, 1
charged, 1
strutted, 1
joining, 1
lest, 1
cinnamon, 1
blended, 1
fond, 1
carefully, 1
pocketed, 1
occupation, 1
softening, 1
state's, 1
justice, 1
ruin, 1
failed, 1
circle, 1
neighbour's, 1
merged, 1
giants, 1
boarding, 1
gains, 1
gratis, 1
meanwhile, 1
speckled, 1
whistle, 1
ferret, 1
hid, 1
irresolution, 1
sepulchres, 1
molten, 1
spade, 1
heartier, 1
disgorged, 1
lighter, 1
tumult, 1
affability, 1
collapsed, 1
dismounted, 1
clocks, 1
gloves, 1
witches, 1
submissively, 1
obscure, 1
river, 1
archways, 1
relentless, 1
repulsed, 1
weathercock, 1
delicately, 1
luxury, 1
achieved, 1
immovable, 1
severally, 1
tender, 1
refuse, 1
sung, 1
success, 1
practice, 1
learnt, 1
library, 1
resolute, 1
rascal, 1
leg, 1
surmounted, 1
demons, 1
tolls, 1
drooping, 1
grocer, 1
affairs, 1
silly, 1
other's, 1
numerous, 1
years', 1
involuntarily, 1
beetling, 1
unconscious, 1
competent, 1
brewing, 1
brooch, 1
spray, 1
blot, 1
coffee, 1
scuttle, 1
bone, 1
belshazzars, 1
coverley, 1
crime, 1
barely, 1
stored, 1
uglier, 1
housetops, 1
onward, 1
danced, 1
drunk, 1
sweet, 1
acted, 1
sweep, 1
phantom's, 1
adjoining, 1
frosty, 1
peeled, 1
throughout, 1
persecuted, 1
whitechapel, 1
worthless, 1
dirtier, 1
stamp, 1
laundress's, 1
damp, 1
steeples, 1
due, 1
cheeked, 1
screened, 1
extravagant, 1
coarse, 1
revered, 1
brick, 1
urgently, 1
treatment, 1
affectionate, 1
dialogue, 1
suspicious, 1
flight, 1
gay, 1
beforehand, 1
grating, 1
remark, 1
uncurtained, 1
accommodate, 1
fund, 1
vaguely, 1
finds, 1
demand, 1
resisted, 1
despite, 1
hardily, 1
recognised, 1
pierce, 1
stolen, 1
misery's, 1
fezziwig's, 1
gills, 1
match, 1
sheets, 1
ful, 1
acquaintance, 1
owed, 1
straggling, 1
agitation, 1
blotch, 1
dotting, 1
everywhere, 1
screws, 1
pronounced, 1
hoar, 1
attach, 1
corpse, 1
clucked, 1
aches, 1
remonstrated, 1
wherein, 1
ledgers, 1
modification, 1
engrosses, 1
ray, 1
forgiveness, 1
higher, 1
development, 1
covetous, 1
island, 1
desks, 1
arrived, 1
necessity, 1
infamous, 1
milliner's, 1
grind, 1
edge, 1
regulating, 1
withdraw, 1
thoroughly, 1
toil, 1
entry, 1
spend, 1
endeavour, 1
shivering, 1
crackled, 1
distracting, 1
shrewdly, 1
sha'n't, 1
network, 1
addresses, 1
letting, 1
rallied, 1
corroborated, 1
readers, 1
decayed, 1
pronouncing, 1
besought, 1
contrary, 1
furniture, 1
useless, 1
silken, 1
customers, 1
wilkins, 1
quest, 1
messengers, 1
doorways, 1
wings, 1
vapour, 1
insect, 1
imposed, 1
shaped, 1
arose, 1
incidental, 1
raisins, 1
strife, 1
chorus, 1
provoking, 1
tumblers, 1
shudder, 1
disorder, 1
clad, 1
grouped, 1
canst, 1
fathers, 1
necessaries, 1
selfishness, 1
laths, 1
shutter, 1
nonproprietary, 1
scale, 1
stables, 1
pelt, 1
cheapness, 1
flashed, 1
blithest, 1
behave, 1
connecting, 1
simmer, 1
assisted, 1
relenting, 1
son's, 1
flickering, 1
casks, 1
weeds, 1
processing, 1
confidence, 1
stem, 1
consolation, 1
sunniest, 1
ache, 1
intense, 1
plumping, 1
shine, 1
faith, 1
proffering, 1
bristling, 1
yawn, 1
dashed, 1
tracing, 1
tartness, 1
chuckled, 1
deserves, 1
wicker, 1
glimpses, 1
hatred, 1
consequently, 1
'uncle, 1
moss, 1
grins, 1
'as, 1
appropriate, 1
artifice, 1
sports, 1
whims, 1
custom, 1
forward, 1
wonderfully, 1
sections, 1
belonged, 1
strolled, 1
elsewhere, 1
inches, 1
relaxed, 1
instalments, 1
butlers, 1
scuffle, 1
reef, 1
atom, 1
coldest, 1
reel, 1
gallantry, 1
ut, 1
seize, 1
oily, 1
international, 1
slander, 1
almonds, 1
cautiously, 1
mature, 1
'merry, 1
similar, 1
goodly, 1
steeped, 1
package, 1
deprive, 1
single, 1
surveying, 1
tends, 1
ancestors, 1
sunken, 1
pendulous, 1
hint, 1
peace, 1
backs, 1
clicking, 1
points, 1
income, 1
brazier, 1
imploringly, 1
cesspools, 1
nay, 1
nice, 1
mustard, 1
gross, 1
breasts, 1
visits, 1
helping, 1
drag, 1
veriest, 1
ruthlessly, 1
desert, 1
'that's, 1
land, 1
practically, 1
downcast, 1
holes, 1
appalling, 1
cooked, 1
weights, 1
presenting, 1
peals, 1
requires, 1
humoured, 1
dogged, 1
ashamed, 1
pinioned, 1
hooks, 1
resistance, 1
soften, 1
grinning, 1
adjustment, 1
graves, 1
maintaining, 1
attired, 1
squeezing, 1
suite, 1
charity, 1
friendly, 1
abode, 1
sexton's, 1
confirmation, 1
garden, 1
dessert, 1
panting, 1
miners, 1
spoon, 1
courage, 1
incoherent, 1
stiff, 1
disclaimed, 1
button, 1
week's, 1
dealt, 1
inspection, 1
comforts, 1
you'd, 1
obtained, 1
uncomfortably, 1
lightest, 1
unprofitable, 1
unsolicited, 1
newby, 1
gravely, 1
twine, 1
opaque, 1
pipes, 1
abels, 1
cell, 1
waiting, 1
eating, 1
attire, 1
bird, 1
sprinklings, 1
exchange, 1
gathered, 1
pushing, 1
commercial, 1
youngest, 1
bachelor, 1
objects, 1
licence, 1
vinegar, 1
fondly, 1
uneasy, 1
noisily, 1
poured, 1
larger, 1
contradiction, 1
'for, 1
slightest, 1
nameless, 1
spices, 1
factious, 1
wig, 1
undertaker's, 1
forbid, 1
win, 1
pulpy, 1
apprehensive, 1
extravagance, 1
names, 1
doubtfully, 1
resolutions, 1
wailings, 1
gateway, 1
cloud, 1
lamplight, 1
zip, 1
iced, 1
recalling, 1
ministers, 1
irrepressible, 1
agreeable, 1
proportions, 1
judged, 1
charcoal, 1
laboured, 1
disgust, 1
apprentices, 1
rarest, 1
heir, 1
occurred, 1
wildly, 1
missile, 1
apprenticed, 1
dealings, 1
grieved, 1
carrying, 1
diffuse, 1
procuring, 1
turnings, 1
challenge, 1
fortunes, 1
reddening, 1
gruff, 1
thin, 1
executor, 1
drops, 1
indemnify, 1
coffin, 1
proof, 1
control, 1
tap, 1
process, 1
they've, 1
beckoned, 1
heaving, 1
pulling, 1
mislaying, 1
interrupted, 1
onions, 1
jail, 1
orson, 1
shuffled, 1
mumbled, 1
regions, 1
methods, 1
foggier, 1
mysteries, 1
intelligent, 1
clasping, 1
altar, 1
administrator, 1
singular, 1
watch, 1
waters, 1
educational, 1
tied, 1
bothered, 1
mixed, 1
machine, 1
marrow, 1
foremost, 1
frowning, 1
redistribute, 1
they'd, 1
noises, 1
linen, 1
supplication, 1
pyramids, 1
bakers, 1
subsequently, 1
furnish, 1
wares, 1
coolly, 1
peck, 1
gladsome, 1
interpreted, 1
hugged, 1
quake, 1
frying, 1
polished, 1
horny, 1
defects, 1
delay, 1
exclusion, 1
chosen, 1
ample, 1
kenned, 1
resorting, 1
permanent, 1
degrees, 1
crowds, 1
originator, 1
tickled, 1
ruined, 1
distress, 1
lunatic, 1
twopence, 1
flour, 1
crammed, 1
cover, 1
front, 1
kindness, 1
successor, 1
discontinue, 1
worlds, 1
contagious, 1
profound, 1
warned, 1
radiant, 1
covering, 1
sin, 1
lifetime, 1
slide, 1
vibrations, 1
crossing, 1
bills, 1
esteem, 1
adventure, 1
dreaming, 1
waking, 1
especial, 1
abrahams, 1
thirty, 1
exceeded, 1
wander, 1
witness, 1
giant, 1
wholly, 1
similarly, 1
shufflings, 1
messenger, 1
bunches, 1
dive, 1
frank, 1
undressing, 1
greedy, 1
fluctuated, 1
stingy, 1
shun, 1
anyhow, 1
princess, 1
shortest, 1
repairing, 1
overtake, 1
jiffy, 1
roved, 1
wrote, 1
baleful, 1
blindman's, 1
hoarding, 1
precepts, 1
mankind, 1
pleasantest, 1
staggered, 1
savour, 1
father's, 1
powerful, 1
echo, 1
bonnet, 1
alleys, 1
representations, 1
pities, 1
brimful, 1
glisten, 1
strict, 1
unknown, 1
devils, 1
seat, 1
establishments, 1
oge, 1
intermediate, 1
scant, 1
vile, 1
paved, 1
malady, 1
agility, 1
feint, 1
tacitly, 1
herself, 1
aught, 1
richer, 1
appealing, 1
result, 1
flutterings, 1
lateness, 1
entreating, 1
horrors, 1
unlikely, 1
north, 1
apparently, 1
screw, 1
decorated, 1
venturing, 1
dishes, 1
wits, 1
parks, 1
outward, 1
instance, 1
branched, 1
exalted, 1
chaise, 1
divert, 1
deposit, 1
tolerably, 1
balustrades, 1
where's, 1
intentions, 1
combustion, 1
preparations, 1
cracking, 1
prisoner, 1
nuisance, 1
fisted, 1
evergreens, 1
inexorable, 1
sheba, 1
consequences, 1
won, 1
stronger, 1
disease, 1
ignited, 1
demurely, 1
impression, 1
irs, 1
kith, 1
bellied, 1
stove, 1
unseen, 1
anyway, 1
rebuke, 1
principal, 1
halves, 1
jaw, 1
hopeful, 1
downloading, 1
brighter, 1
unable, 1
employed, 1
infernal, 1
regularly, 1
proceedings, 1
doubting, 1
elicited, 1
enthroned, 1
abundance, 1
ones, 1
transports, 1
spur, 1
dwellings, 1
glory, 1
organ, 1
taxes, 1
relents, 1
waggons, 1
basking, 1
spotted, 1
untrue, 1
ogre, 1
burying, 1
grieve, 1
frame, 1
shreds, 1
shrouded, 1
exists, 1
usefulness, 1
desperate, 1
feathered, 1
packed, 1
dearly, 1
elect, 1
puts, 1
brother's, 1
pattern, 1
fireside, 1
purses, 1
genius, 1
boughs, 1
progress, 1
neither, 1
sold, 1
midnight, 1
wiry, 1
conversations, 1
sorrow, 1
foreshadow, 1
spared, 1
yawning, 1
limits, 1
equal, 1
doorway, 1
rust, 1
wringing, 1
flocking, 1
swallow, 1
statues, 1
organized, 1
bearing, 1
curls, 1
caverns, 1
vegetation's, 1
distinguish, 1
foldings, 1
beguiled, 1
dot, 1
news, 1
respect, 1
erased, 1
debt, 1
tread, 1
tremendous, 1
gaze, 1
speedily, 1
waste, 1
killed, 1
remedies, 1
perplexed, 1
finishes, 1
league, 1
painted, 1
ensuring, 1
watches, 1
bull, 1
improved, 1
kerchief, 1
riddles, 1
fearful, 1
britain, 1
morrow's, 1
persevered, 1
timidly, 1
scatter, 1
plead, 1
stuffing, 1
ripe, 1
surface, 1
piteously, 1
gothic, 1
swinging, 1
prose, 1
disclaim, 1
scents, 1
repleted, 1
smothering, 1
bishop, 1
merciful, 1
spirits', 1
inch, 1
biffins, 1
gets, 1
joyously, 1
difficult, 1
arm's, 1
abyss, 1
flesh, 1
prodigiously, 1
outcast, 1
discover, 1
coaches, 1
dust, 1
officers, 1
collar, 1
warming, 1
tatters, 1
undertaker, 1
warranted, 1
freshest, 1
variety, 1
bran, 1
command, 1
english, 1
tails, 1
drawing, 1
bending, 1
taller, 1
negligence, 1
licensed, 1
repassed, 1
domestic, 1
fancying, 1
mistaken, 1
replenish, 1
aspirations, 1
palm, 1
skreeks, 1
mysterious, 1
likes, 1
clergyman, 1
farthing, 1
field, 1
lake, 1
fled, 1
add, 1
attractive, 1
unmoved, 1
heartiness, 1
diverted, 1
sick, 1
admit, 1
stooped, 1
hurry, 1
knot, 1
contrasting, 1
wheel, 1
executive, 1
loss, 1
ring, 1
bigotry, 1
admitted, 1
stagger, 1
heed, 1
lose, 1
particles, 1
soft, 1
caked, 1
accessible, 1
shabby, 1
reclamation, 1
searching, 1
hail, 1
splinter, 1
daylight, 1
warmer, 1
choosing, 1
hissing, 1
recognition, 1
shan't, 1
trust, 1
leaf, 1
literally, 1
objected, 1
lean, 1
instantaneous, 1
disk, 1
leap, 1
magnitude, 1
comical, 1
conference, 1
inaccurate, 1
dangling, 1
recompensed, 1
snapped, 1
filth, 1
includes, 1
adversary, 1
noisy, 1
throne, 1
rare, 1
linger, 1
haired, 1
withdrew, 1
foretold, 1
blessings, 1
dominion, 1
piled, 1
fettered, 1
erect, 1
cultivated, 1
roads, 1
capable, 1
additions, 1
wheresoever, 1
custard, 1
doubtless, 1
demeanour, 1
mississippi, 1
glistened, 1
suburbs, 1
veil, 1
outline, 1
noticed, 1
intention, 1
inasmuch, 1
grunted, 1
heresy, 1
pg, 1
repeater, 1
curtaining, 1
gait, 1
courts, 1
grate, 1
sprinkling, 1
highest, 1
gaps, 1
tricks, 1
stirring, 1
block, 1
unanimity, 1
penny, 1
gnawing, 1
pig, 1
goodness, 1
dowerless, 1
trotting, 1
authority, 1
gush, 1
performed, 1
incredible, 1
icy, 1
lately, 1
smears, 1
happiest, 1
branch, 1
repute, 1
gallantly, 1
irons, 1
repeat, 1
monday, 1
living, 1
penetrated, 1
wrenching, 1
skimmed, 1
squeak, 1
bonneted, 1
vein, 1
shadowing, 1
sentiment, 1
baker, 1
subscribe, 1
lasted, 1
original, 1
unwatched, 1
portion, 1
cheerfulness, 1
indirectly, 1
foul, 2
mansion, 2
appetite, 2
yonder, 2
poorly, 2
whatsoever, 2
shaving, 2
tarry, 2
exempt, 2
prize, 2
parrot, 2
employees, 2
forget, 2
force, 2
increasing, 2
humility, 2
path, 2
dry, 2
punishment, 2
eyebrows, 2
opportunities, 2
glance, 2
total, 2
strike, 2
expecting, 2
churchyard, 2
peeping, 2
grief, 2
hole, 2
shame, 2
plunged, 2
laundress, 2
elbow, 2
travel, 2
nuts, 2
nipped, 2
shirt, 2
splendid, 2
greet, 2
fan, 2
oysters, 2
order, 2
consent, 2
satisfied, 2
london, 2
oven, 2
clapped, 2
fit, 2
hidden, 2
overcome, 2
supposed, 2
assembled, 2
rocks, 2
dingy, 2
roast, 2
burial, 2
laying, 2
suspected, 2
ghosts, 2
crisp, 2
borne, 2
lemons, 2
driving, 2
forty, 2
fellows, 2
bestow, 2
rain, 2
mistress, 2
holidays, 2
sank, 2
disturbed, 2
loud, 2
key, 2
features, 2
render, 2
hearing, 2
wrapper, 2
merrier, 2
hearse, 2
vibrate, 2
kinder, 2
dogs, 2
unbroken, 2
listen, 2
ankle, 2
tree, 2
idle, 2
threadbare, 2
abroad, 2
convenient, 2
subjects, 2
doors, 2
shining, 2
gravy, 2
mashed, 2
released, 2
principle, 2
briskly, 2
saying, 2
cooking, 2
visitor, 2
ascii, 2
retire, 2
sage, 2
enjoyed, 2
departed, 2
latent, 2
consciousness, 2
sugar, 2
reverently, 2
mouths, 2
shutting, 2
haunted, 2
dr, 2
pressed, 2
sidled, 2
steam, 2
bah, 2
blew, 2
habit, 2
subject, 2
snuff, 2
mud, 2
sorts, 2
pity, 2
spectre's, 2
odds, 2
mildly, 2
incessant, 2
gleaming, 2
gratitude, 2
beef, 2
fro, 2
quickly, 2
startled, 2
idol, 2
natured, 2
concerning, 2
dismiss, 2
uncommon, 2
worked, 2
melted, 2
cracked, 2
cab, 2
whither, 2
iv, 2
ii, 2
eighteen, 2
growl, 2
linked, 2
forehead, 2
claw, 2
evil, 2
hooded, 2
opportunity, 2
possessed, 2
echoed, 2
echoes, 2
sentence, 2
electronically, 2
previous, 2
jose, 2
hat, 2
shoulder, 2
baba, 2
boxes, 2
descending, 2
snug, 2
guests, 2
dense, 2
ear, 2
centre, 2
shrivelled, 2
merchant's, 2
brawn, 2
recollect, 2
costs, 2
obtaining, 2
beings, 2
frightened, 2
offer, 2
becoming, 2
garments, 2
heat, 2
removed, 2
flavour, 2
bargain, 2
temper, 2
wintry, 2
physical, 2
dying, 2
moment's, 2
scrambled, 2
ribbons, 2
o'clock, 2
let's, 2
rolling, 2
flushed, 2
fastened, 2
undisturbed, 2
rough, 2
teeth, 2
restored, 2
foot, 2
rod, 2
grateful, 2
promoting, 2
furrows, 2
dispelled, 2
gloomy, 2
clouds, 2
quick, 2
upper, 2
gnawed, 2
worn, 2
spectral, 2
appear, 2
hart, 2
address, 2
roaring, 2
passengers, 2
merriment, 2
bow, 2
usually, 2
swallowed, 2
market, 2
undergone, 2
visit, 2
parties, 2
memory, 2
wicked, 2
credulity, 2
neglected, 2
fruits, 2
odious, 2
beheld, 2
cat, 2
december, 2
paused, 2
dropped, 2
allowed, 2
truly, 2
lifting, 2
unconsciously, 2
hoped, 2
birds, 2
forms, 2
main, 2
lonely, 2
liberality, 2
intellectual, 2
provision, 2
servant, 2
drop, 2
hinges, 2
eh, 2
catching, 2
begun, 2
intercourse, 2
dutch, 2
correct, 2
contain, 2
seventh, 2
card, 2
language, 2
honest, 2
motion, 2
dwelling, 2
waves, 2
directly, 2
spanish, 2
sounds, 2
sheet, 2
stuck, 2
welfare, 2
west, 2
men's, 2
inexpressibly, 2
ridiculous, 2
girded, 2
population, 2
scraping, 2
wandering, 2
tasted, 2
locations, 2
clung, 2
begin, 2
altered, 2
entreaty, 2
printed, 2
bowels, 2
later, 2
hungry, 2
gracefully, 2
federal, 2
shot, 2
cravat, 2
mince, 2
supposition, 2
array, 2
stair, 2
dreamed, 2
caroline, 2
rejoiced, 2
expectation, 2
clang, 2
yield, 2
naked, 2
predicted, 2
liable, 2
whispered, 2
burst, 2
committed, 2
asleep, 2
alarming, 2
accustomed, 2
justified, 2
apparition, 2
contract, 2
pray, 2
conducting, 2
wheels, 2
pot, 2
period, 2
sticks, 2
caring, 2
sensible, 2
mounting, 2
disclosed, 2
direction, 2
thousand, 2
observe, 2
hasn't, 2
foggy, 2
engaged, 2
nightcap, 2
outstretched, 2
ivy, 2
different, 2
considerable, 2
tucker, 2
bowl, 2
check, 2
agitated, 2
week, 2
assist, 2
weed, 2
persons, 2
passing, 2
strive, 2
heaps, 2
widest, 2
prominently, 2
heavier, 2
real, 2
easily, 2
ruler, 2
earnest, 2
bandage, 2
credentials, 2
accepted, 2
tremulous, 2
pounds, 2
satisfactory, 2
shillings, 2
moor, 2
porter, 2
references, 2
industry, 2
cares, 2
greatly, 2
lofty, 2
ladies, 2
meagre, 2
blessed, 2
heated, 2
drank, 2
trying, 2
copied, 2
excrescence, 2
poulterer's, 2
exhausted, 2
file, 2
walks, 2
horse, 2
beaming, 2
implied, 2
sufficient, 2
winking, 2
separate, 2
serious, 2
pooh, 2
legal, 2
building, 2
sounded, 2
mourner, 2
robert, 2
surrounded, 2
lace, 2
ali, 2
caused, 2
beware, 2
splitting, 2
concept, 2
research, 2
juicy, 2
tail, 2
solicit, 2
facetious, 2
floated, 2
condition, 2
groups, 2
washing, 2
dusky, 2
ten, 2
rate, 2
hilli, 2
faltered, 2
ferocious, 2
loose, 2
forgive, 2
hours, 2
extraordinary, 2
action, 2
narrow, 2
sticking, 2
day's, 2
wanted, 2
takes, 2
distinct, 2
beginning, 2
pears, 2
damaged, 2
praised, 2
hurrah, 2
horses, 2
brisk, 2
workhouses, 2
created, 2
v, 2
knocked, 2
rigid, 2
beautiful, 2
computers, 2
share, 2
sense, 2
rude, 2
derived, 2
bedpost, 2
consequence, 2
pleaded, 2
artful, 2
shore, 2
shade, 2
tumbling, 2
trade, 2
signs, 2
smiling, 2
suffer, 2
harmless, 2
travelling, 2
yo, 2
dim, 2
moaning, 2
doing, 2
detach, 2
holiday, 2
elder, 2
presented, 2
courses, 2
turns, 2
weight, 2
expect, 2
blithe, 2
dears, 2
childish, 2
ass, 2
guess, 2
tassels, 2
teach, 2
lieu, 2
conducted, 2
copper, 2
sympathy, 2
talked, 2
blank, 2
breathless, 2
redistributing, 2
obedience, 2
saint, 2
dealing, 2
convinced, 2
kindly, 2
attention, 2
mossy, 2
aged, 2
built, 2
labour, 2
eaten, 2
extremely, 2
salary, 2
puddings, 2
doubts, 2
charitable, 2
barred, 2
stones, 2
particularly, 2
phenomenon, 2
journeys, 2
scattered, 2
chimes, 2
heavily, 2
unhappy, 2
upside, 2
kitchens, 2
rings, 2
closely, 2
during, 2
sleeve, 2
grey, 2
heaped, 2
various, 2
woe, 2
lunch, 2
secrets, 2
onion, 2
poverty, 2
simple, 2
hollow, 2
hadn't, 2
dances, 2
described, 2
empty, 2
firm, 2
gas, 2
fur, 2
trifled, 2
frozen, 2
forgetting, 2
leaning, 2
kissing, 2
stations, 2
ecstasy, 2
rules, 2
delicious, 2
keys, 2
comprehensive, 2
early, 2
motionless, 2
anxious, 2
cheer, 2
redistribution, 2
lads, 2
blankets, 2
eager, 2
questioned, 2
crying, 2
excited, 2
big, 2
matters, 2
wiser, 2
royalties, 2
d, 2
hammer, 2
irresistibly, 2
hinted, 2
understood, 2
pale, 2
irresistible, 2
run, 2
concealed, 2
lesson, 2
eleven, 2
link, 2
line, 2
immortal, 2
intently, 2
genial, 2
specified, 2
haunt, 2
graceful, 2
dragging, 2
awoke, 2
draw, 2
faintly, 2
infection, 2
housekeepers, 2
wrinkle, 2
lane, 2
happier, 2
required, 2
neighbouring, 2
lamplighter, 2
contributions, 2
send, 2
does, 2
dislike, 2
seized, 2
torture, 2
continued, 2
michael, 2
try, 2
tenderness, 2
knife, 2
smaller, 2
folds, 2
sensation, 2
formats, 2
reaching, 2
expressed, 2
lumber, 2
chose, 2
degree, 2
punch, 2
others, 2
leaving, 2
named, 2
shovel, 2
apple, 2
scales, 2
decrease, 2
readable, 2
refuge, 2
damage, 2
parliament, 2
nephew's, 2
gladly, 2
iii, 2
streamed, 2
bent, 2
flaring, 2
unquestionably, 2
pigs, 2
owns, 2
lines, 2
avarice, 2
chief, 2
pretending, 2
offences, 2
indignantly, 2
brood, 2
outer, 2
masses, 2
flew, 2
footstool, 2
blazing, 2
fields, 2
scanty, 2
books, 2
ourselves, 2
confess, 2
approached, 2
prepare, 2
clerk's, 2
conversation, 2
biting, 2
sorrowful, 2
seasonable, 2
reached, 2
quality, 2
stomach, 2
discovered, 2
dreary, 2
'change, 2
steel, 2
claim, 2
visited, 2
false, 2
lightly, 2
chambers, 2
able, 2
schoolmaster, 2
clash, 2
eight, 2
tall, 2
bred, 2
occasion, 2
ensued, 2
gain, 2
atmosphere, 2
expenses, 2
bedroom, 2
longer, 2
gasping, 2
pleased, 2
partners, 2
based, 2
clutching, 2
buttons, 2
fuel, 2
geese, 2
thousands, 2
move, 2
handle, 2
delighted, 2
stuff, 2
shrunk, 2
fixed, 2
generations, 2
available, 2
turkeys, 2
mentioned, 2
computer, 2
downward, 2
closet, 2
horrible, 2
opening, 2
importance, 2
joy, 2
notion, 2
interfere, 2
staring, 2
restrictions, 2
display, 2
figures, 2
otherwise, 2
adjusted, 2
extent, 2
rusty, 2
thanked, 2
steadiness, 2
immense, 2
ship, 2
feather, 2
faced, 2
menendez, 2
protect, 2
sausages, 2
volunteer, 2
unlike, 2
vanilla, 2
appearance, 2
thou, 2
wild, 2
chattering, 2
ringing, 2
registered, 2
helped, 2
examined, 2
watched, 2
cross, 2
twelfth, 2
earnestness, 2
effect, 2
judgment, 2
pleasantly, 2
poultry, 2
sauce, 2
thankful, 2
amends, 2
moments, 2
recollection, 2
sky, 2
wet, 2
destroy, 2
ought, 2
smart, 2
fate, 2
livid, 2
displaced, 2
necessary, 2
sofa, 2
dreaded, 2
page, 2
underwent, 2
portly, 2
growth, 2
delightful, 2
phantoms, 2
swept, 2
'and, 2
warranty, 2
outset, 2
letters, 2
guard, 2
camden, 2
regarded, 2
globe, 2
poulterers', 2
wise, 2
places, 2
smooth, 2
excitement, 2
fetch, 2
cake, 2
problem, 2
eagerness, 2
entering, 2
universal, 2
plundered, 2
happen, 2
corporation, 2
special, 2
behold, 2
sped, 2
accordance, 2
lives, 2
sleep, 3
homes, 3
fireplace, 3
parted, 3
pulse, 3
crutch, 3
prisons, 3
leaves, 3
golden, 3
glass, 3
roof, 3
worse, 3
sought, 3
gate, 3
sparkled, 3
law, 3
third, 3
endeavoured, 3
enter, 3
school, 3
silver, 3
meat, 3
brightness, 3
shadowy, 3
blushed, 3
applicable, 3
disclaimer, 3
content, 3
people's, 3
crusoe, 3
thick, 3
service, 3
whoop, 3
ceiling, 3
showed, 3
feeling, 3
manner, 3
laden, 3
foundation's, 3
complying, 3
glow, 3
dog, 3
o, 3
spite, 3
pocket, 3
softly, 3
christian, 3
approach, 3
weak, 3
active, 3
interest, 3
warmth, 3
threw, 3
catch, 3
skirts, 3
grown, 3
wound, 3
plates, 3
bells, 3
ragged, 3
hearty, 3
smoked, 3
yours, 3
niece's, 3
human, 3
collars, 3
board, 3
clustered, 3
whence, 3
advanced, 3
apart, 3
appearing, 3
performing, 3
pavement, 3
offices, 3
deal, 3
somehow, 3
carts, 3
lamps, 3
capacious, 3
permitted, 3
limitation, 3
connected, 3
admiration, 3
inside, 3
attached, 3
paragraphs, 3
handed, 3
warehouse, 3
vanished, 3
intent, 3
younger, 3
beds, 3
coach, 3
mild, 3
terror, 3
brave, 3
regret, 3
favour, 3
goes, 3
shared, 3
falling, 3
nearer, 3
honour, 3
box, 3
quarrel, 3
marked, 3
wealth, 3
working, 3
tears, 3
believed, 3
laughter, 3
stroke, 3
retorted, 3
date, 3
efforts, 3
waist, 3
succeeded, 3
pulled, 3
talk, 3
drunken, 3
shoes, 3
group, 3
torn, 3
ghost's, 3
lies, 3
fires, 3
space, 3
profit, 3
size, 3
apples, 3
buried, 3
sending, 3
aside, 3
dining, 3
cleared, 3
cloth, 3
bade, 3
quantity, 3
surplus, 3
cheap, 3
threshold, 3
shutters, 3
keenly, 3
husband, 3
notice, 3
unaltered, 3
receipt, 3
ways, 3
jovial, 3
loudly, 3
mark, 3
hardly, 3
myself, 3
cast, 3
slippers, 3
brow, 3
property, 3
pay, 3
struggling, 3
ye, 3
trouble, 3
comes, 3
summer, 3
growled, 3
setting, 3
astonishment, 3
mournful, 3
listening, 3
dare, 3
liability, 3
marriage, 3
pockets, 3
act, 3
endeavouring, 3
start, 3
fish, 3
curiously, 3
grass, 3
rags, 3
u, 3
founder, 3
thoughtful, 3
follow, 3
smile, 3
paying, 3
belonging, 3
awful, 3
tea, 3
defect, 3
creatures, 3
sun, 3
brief, 3
presence, 3
misery, 3
struggle, 3
clapping, 3
excuse, 3
keyhole, 3
glad, 3
remain, 3
sudden, 3
nine, 3
extinguisher, 3
comfort, 3
glowing, 3
thawed, 3
blood, 3
bleak, 3
coal, 3
dream, 3
attitude, 3
paper, 3
deeds, 3
somebody, 3
eat, 3
number, 3
walls, 3
reply, 3
mercy, 3
begged, 3
restless, 3
thoughtfully, 3
event, 3
missed, 3
jolly, 3
health, 3
members, 3
terrible, 3
beggars, 3
dine, 3
knocking, 3
miss, 3
needle, 3
immediate, 3
double, 3
withered, 3
derivative, 3
exceedingly, 3
transparent, 3
buff, 3
added, 3
grocers', 3
forfeits, 3
email, 3
express, 3
chimney, 3
cry, 3
alteration, 3
remove, 3
common, 3
gaily, 3
user, 3
funeral, 3
knowing, 3
foreign, 3
belt, 3
meeting, 3
understand, 3
receive, 3
shake, 3
robin, 3
pigtail, 3
cheek, 3
belinda, 3
relief, 3
pies, 3
surprised, 3
bit, 3
knock, 3
creation, 3
lips, 3
mighty, 3
loses, 3
gruel, 3
fragments, 3
step, 3
frightful, 3
range, 3
silence, 3
vigour, 3
files, 3
hopes, 3
raising, 3
possession, 3
roared, 3
warning, 3
cellar, 3
smiled, 3
age, 3
broad, 3
berries, 3
sixpence, 3
sent, 3
promise, 3
meant, 3
eve, 3
boots, 3
notwithstanding, 3
giving, 3
led, 3
growing, 3
fifteen, 3
benevolence, 3
nervous, 3
baskets, 3
addressed, 3
equipment, 3
inclined, 3
tearing, 3
women, 3
anywhere, 3
praise, 3
lock, 3
purposes, 3
defective, 3
dinners, 3
lamp, 3
allow, 3
looks, 3
perfect, 3
glee, 3
choose, 3
covered, 3
mention, 3
feast, 3
trimmed, 3
accompanied, 3
children's, 3
mortal, 3
smell, 3
counter, 3
comfortable, 3
gentle, 3
need, 3
viewed, 3
breach, 3
fact, 3
pause, 3
knowledge, 3
b, 3
entity, 3
he'd, 3
married, 3
thank'ee, 3
won't, 3
view, 3
supernatural, 3
precious, 3
joke, 3
mistletoe, 3
worldly, 3
pouring, 3
slowly, 3
senses, 3
moved, 3
hob, 3
demanded, 3
glared, 3
speaker, 3
ball, 3
drink, 3
oranges, 3
rapid, 3
royalty, 3
desk, 3
lost, 3
chairs, 3
become, 3
shed, 3
learn, 3
shone, 3
passion, 3
chains, 3
warranties, 3
slight, 3
conveyed, 3
worthy, 3
singing, 3
count, 3
official, 3
signed, 3
kinds, 3
stay, 3
stirred, 3
starting, 3
yellow, 4
vast, 4
clothes, 4
nail, 4
solemn, 4
daughter, 4
visible, 4
call, 4
therefore, 4
resumed, 4
locked, 4
phrase, 4
wrong, 4
wine, 4
fall, 4
gloom, 4
potatoes, 4
re, 4
already, 4
neck, 4
distance, 4
ran, 4
mine, 4
seek, 4
latter, 4
twice, 4
release, 4
fair, 4
meet, 4
drawn, 4
drew, 4
country, 4
vain, 4
written, 4
expected, 4
voices, 4
strangest, 4
played, 4
damages, 4
boiled, 4
hearth, 4
thy, 4
spread, 4
possible, 4
desire, 4
crown, 4
bore, 4
bold, 4
obtain, 4
spring, 4
born, 4
promised, 4
pipe, 4
brothers, 4
died, 4
remarkable, 4
certainly, 4
none, 4
fees, 4
wore, 4
leave, 4
patient, 4
filled, 4
creature, 4
sake, 4
effort, 4
requirements, 4
winter, 4
till, 4
conscious, 4
whenever, 4
solitary, 4
he's, 4
hurried, 4
baker's, 4
yourself, 4
carry, 4
caught, 4
dressed, 4
holder, 4
here's, 4
online, 4
opposite, 4
sisters, 4
shop, 4
walking, 4
slow, 4
reading, 4
across, 4
fat, 4
expression, 4
can't, 4
afterwards, 4
return, 4
fortune, 4
chamber, 4
muttered, 4
broken, 4
meaning, 4
handsome, 4
fiddler, 4
tight, 4
instantly, 4
included, 4
ceased, 4
dreadful, 4
observing, 4
broke, 4
keeping, 4
sharp, 4
coat, 4
dread, 4
late, 4
haven't, 4
status, 4
since, 4
feel, 4
an't, 4
story, 4
least, 4
grew, 4
play, 4
lying, 4
gold, 4
fine, 4
distributed, 4
breast, 4
individual, 4
creating, 4
invisible, 4
liked, 4
editions, 4
whatever, 4
mission, 4
secret, 4
daughters, 4
yesterday, 4
lower, 4
older, 4
quarters, 4
format, 4
couple, 4
pen, 4
seeing, 4
steady, 4
question, 4
we're, 4
influence, 4
wished, 4
song, 4
blaze, 4
race, 4
melancholy, 4
makes, 4
apply, 4
sort, 4
started, 4
account, 4
crossed, 4
links, 4
sit, 4
six, 4
located, 4
stand, 4
road, 4
sunday, 4
emotion, 4
displaying, 4
cause, 4
collection, 4
loved, 4
providing, 4
gently, 4
turn, 4
jug, 4
you'll, 4
charles, 4
fear, 4
listened, 4
beat, 4
familiar, 4
bob's, 4
following, 4
donate, 4
ends, 4
assure, 4
value, 4
site, 4
dickens, 4
colour, 4
generous, 4
resolved, 4
who's, 4
immediately, 4
payments, 4
contact, 4
choked, 4
additional, 4
ho, 4
whether, 4
limited, 5
hanging, 5
hide, 5
conduct, 5
hundreds, 5
i'd, 5
hold, 5
writing, 5
laid, 5
comforter, 5
parting, 5
likely, 5
matter, 5
further, 5
dozen, 5
mouth, 5
plenty, 5
grave, 5
busy, 5
touched, 5
rich, 5
ears, 5
faces, 5
speak, 5
save, 5
compliance, 5
pair, 5
support, 5
true, 5
holding, 5
gown, 5
brown, 5
minute, 5
brother, 5
cost, 5
humour, 5
angry, 5
dismal, 5
cap, 5
soul, 5
making, 5
shown, 5
spoken, 5
impossible, 5
anyone, 5
season, 5
general, 5
especially, 5
trembled, 5
fifty, 5
situation, 5
shops, 5
evening, 5
running, 5
rose, 5
except, 5
calling, 5
green, 5
dressing, 5
horror, 5
joined, 5
chuckle, 5
followed, 5
wretched, 5
court, 5
either, 5
really, 5
reason, 5
garment, 5
finding, 5
pretty, 5
bare, 5
case, 5
what's, 5
chestnuts, 5
copying, 5
lie, 5
clasped, 5
obliged, 5
replacement, 5
dilber, 5
alive, 5
posted, 5
faded, 5
prepared, 5
ago, 5
fresh, 5
animal, 5
opinion, 5
standing, 5
baby, 5
getting, 5
bones, 5
instead, 5
freely, 5
truth, 5
shaking, 5
surely, 5
scene, 5
ancient, 5
explanation, 5
remember, 5
unless, 5
wear, 5
monstrous, 5
closed, 5
instant, 5
plain, 5
almost, 5
thus, 5
greater, 5
kissed, 5
rooms, 5
lead, 5
saucepan, 5
noise, 5
bundle, 5
carried, 5
quiet, 5
mere, 5
buy, 5
repeated, 5
book, 5
friends, 5
lord, 6
net, 6
changed, 6
brought, 6
arms, 6
wind, 6
glanced, 6
mean, 6
girls, 6
iron, 6
hearts, 6
stop, 6
comply, 6
nature, 6
however, 6
ill, 6
tank, 6
several, 6
delight, 6
www, 6
fog, 6
music, 6
medium, 6
waistcoat, 6
spirit's, 6
everybody, 6
figure, 6
counting, 6
quarter, 6
torch, 6
opened, 6
ruddy, 6
care, 6
fast, 6
short, 6
lighted, 6
get, 6
nearly, 6
wonder, 6
s, 6
middle, 6
floor, 6
touch, 6
read, 6
certain, 6
deep, 6
stool, 6
topper, 6
knows, 6
pleasure, 6
idea, 6
inquired, 6
ding, 6
dong, 6
mist, 6
twenty, 6
distribute, 6
stairs, 6
c, 6
forgotten, 6
raise, 6
anybody, 6
morrow, 6
shape, 6
cut, 6
game, 6
frost, 6
cratchit's, 6
putting, 6
earth, 6
body, 6
chin, 6
tax, 6
parlour, 6
trembling, 6
volunteers, 6
produced, 6
beneath, 6
heartily, 6
ask, 6
clearly, 6
pursued, 6
sole, 6
distribution, 6
glorious, 6
ah, 6
usual, 6
happiness, 6
web, 6
although, 6
piece, 6
lived, 6
using, 6
sorry, 7
four, 7
near, 7
above, 7
ebooks, 7
met, 7
distributing, 7
former, 7
shook, 7
want, 7
ebenezer, 7
bad, 7
best, 7
gave, 7
easy, 7
shadow, 7
permission, 7
raised, 7
holly, 7
dance, 7
chair, 7
remembered, 7
course, 7
hall, 7
org, 7
wide, 7
dick, 7
plump, 7
gentlemen, 7
thinking, 7
ghostly, 7
nose, 7
provided, 7
low, 7
wasn't, 7
laughing, 7
heaven, 7
darkness, 7
section, 7
strong, 7
turkey, 7
knocker, 7
soon, 7
isn't, 7
windows, 7
sometimes, 7
sea, 7
arm, 7
church, 7
candle, 7
dull, 7
cheerful, 7
themselves, 7
please, 7
yard, 7
times, 7
length, 7
owner, 7
you're, 7
perfectly, 7
afraid, 7
bring, 7
bye, 7
less, 7
five, 7
entered, 7
minutes, 7
chance, 7
warm, 8
provide, 8
blind, 8
turning, 8
given, 8
legs, 8
laws, 8
finger, 8
received, 8
thoughts, 8
bound, 8
charge, 8
change, 8
goose, 8
pglaf, 8
white, 8
friend, 8
paid, 8
morning, 8
between, 8
breath, 8
twelve, 8
copies, 8
sitting, 8
surprise, 8
small, 8
taken, 8
town, 8
dress, 8
pleasant, 8
feet, 8
information, 8
close, 8
knees, 8
else, 8
love, 8
fee, 8
carol, 8
boys, 8
far, 8
outside, 8
top, 8
', 8
red, 8
shut, 8
bear, 8
partner, 8
began, 8
party, 8
http, 8
point, 8
hair, 8
domain, 8
weather, 8
i'm, 9
hot, 9
lay, 9
side, 9
hallo, 9
form, 9
answered, 9
die, 9
along, 9
answer, 9
black, 9
robe, 9
couldn't, 9
stone, 9
gone, 9
wife, 9
clock, 9
particular, 9
known, 9
humbug, 9
houses, 9
wonderful, 9
agree, 9
fred, 9
sister, 9
also, 9
both, 9
straight, 9
ready, 9
sight, 9
associated, 9
power, 9
few, 9
pudding, 9
nobody, 9
means, 9
taking, 9
perhaps, 9
whose, 10
beside, 10
shadows, 10
street, 10
snow, 10
niece, 10
hung, 10
afternoon, 10
company, 10
water, 10
didn't, 10
nor, 10
take, 10
bright, 10
corner, 10
ground, 10
sound, 10
money, 10
rest, 10
public, 10
chain, 10
spectre, 10
beyond, 10
refund, 10
clear, 10
became, 10
whom, 10
struck, 10
person, 10
stave, 10
man's, 10
doubt, 10
including, 10
access, 10
martha, 10
wall, 10
strange, 10
second, 11
office, 11
ebook, 11
there's, 11
against, 11
suppose, 11
seven, 11
mother, 11
felt, 11
fell, 11
'em, 11
future, 11
cannot, 11
table, 11
trademark, 11
present, 11
large, 11
rather, 11
that's, 11
held, 11
hard, 11
wouldn't, 11
itself, 11
purpose, 11
paragraph, 11
f, 11
united, 11
words, 11
state, 11
walk, 11
scarcely, 11
spoke, 12
god, 12
days, 12
curtains, 12
took, 12
everything, 12
dinner, 12
together, 12
thing, 12
sure, 12
show, 12
death, 12
fellow, 12
eye, 12
tried, 12
stopped, 12
found, 12
heavy, 12
self, 12
find, 12
called, 12
high, 12
because, 12
under, 13
city, 13
seen, 13
happy, 13
archive, 13
live, 13
happened, 13
girl, 13
copy, 13
laugh, 13
streets, 13
help, 13
exclaimed, 13
whole, 13
used, 13
often, 13
within, 13
literary, 13
wish, 13
below, 13
new, 14
end, 14
free, 14
appeared, 14
just, 14
clerk, 14
alone, 14
name, 14
turned, 14
going, 14
those, 14
family, 14
states, 14
part, 14
cratchits, 14
phantom, 14
having, 14
seemed, 14
copyright, 14
next, 14
something, 14
better, 15
master, 15
things, 15
father, 15
word, 15
pointed, 15
years, 15
window, 15
donations, 15
i'll, 15
bless, 15
bell, 15
walked, 15
use, 15
jacob, 16
men, 16
keep, 16
observed, 16
uncle, 16
tell, 16
mr, 16
heard, 16
indeed, 16
hour, 16
coming, 16
passed, 16
license, 16
moment, 16
world, 16
sir, 16
told, 17
each, 17
forth, 17
laughed, 17
air, 17
right, 17
still, 17
behind, 17
among, 17
spirits, 17
once, 17
marley's, 17
agreement, 18
until, 18
shall, 18
gentleman, 18
dead, 18
year, 18
open, 18
hear, 18
fezziwig, 18
children, 18
replied, 18
always, 18
believe, 18
most, 18
set, 18
while, 18
joe, 18
peter, 18
yes, 19
oh, 19
kind, 19
towards, 19
go, 19
our, 19
hope, 19
give, 20
over, 20
got, 20
mind, 20
even, 20
three, 20
left, 20
past, 20
put, 20
anything, 20
marley, 20
terms, 21
asked, 21
looking, 21
knew, 21
dark, 21
look, 21
make, 22
foundation, 22
stood, 22
let, 22
voice, 23
after, 23
yet, 23
place, 23
saw, 23
enough, 23
e, 23
woman, 23
tim, 23
child, 24
ha, 24
dear, 24
heart, 24
sat, 24
same, 24
tiny, 24
away, 24
has, 25
think, 25
business, 25
well, 25
home, 25
way, 26
half, 26
eyes, 26
many, 26
done, 26
life, 27
people, 27
quite, 27
only, 27
full, 27
young, 27
electronic, 27
bed, 27
cold, 28
without, 28
returned, 28
back, 28
mrs, 29
poor, 29
it's, 29
thought, 29
ever, 30
boy, 30
long, 30
should, 30
too, 31
first, 31
house, 31
cratchit, 31
must, 32
nephew, 32
fire, 32
though, 32
us, 32
light, 32
face, 32
looked, 32
room, 33
say, 33
these, 33
merry, 33
works, 33
round, 34
off, 34
another, 35
night, 35
two, 35
last, 35
nothing, 35
hands, 35
being, 36
great, 36
can, 37
come, 37
through, 37
why, 37
here, 38
may, 38
where, 38
much, 38
never, 39
day, 39
every, 40
we, 40
head, 40
might, 40
some, 40
don't, 42
then, 43
hand, 43
made, 43
how, 44
went, 44
than, 44
am, 44
such, 45
came, 46
door, 46
himself, 47
scrooge's, 48
own, 48
did, 49
bob, 49
again, 49
see, 50
other, 50
cried, 52
will, 53
more, 55
tm, 56
work, 56
now, 56
she, 56
into, 57
about, 60
before, 61
know, 61
like, 61
could, 62
your, 62
little, 64
down, 65
her, 66
been, 67
good, 67
time, 68
man, 69
old, 72
who, 72
do, 76
any, 77
are, 77
very, 79
them, 82
would, 84
spirit, 84
an, 84
out, 85
my, 86
project, 87
christmas, 91
when, 92
gutenberg, 93
ghost, 93
up, 96
what, 98
their, 101
from, 106
which, 106
me, 111
one, 111
upon, 120
so, 121
no, 126
there, 126
if, 130
its, 136
by, 145
all, 149
is, 151
be, 162
or, 169
at, 169
this, 169
on, 176
were, 178
they, 182
but, 182
have, 191
him, 198
not, 199
had, 205
said, 221
for, 222
as, 238
you, 303
scrooge, 314
with, 316
i, 336
that, 353
his, 420
was, 428
he, 488
it, 531
in, 577
to, 759
a, 768
of, 780
and, 1127
the, 1749
